id;date;home;away;B365H;B365D;B365A;season_x_x;date_x_x;team_x_x;home_total_goals;home_total_xg;home_total_goals_against;home_total_xg_against;home_last_5;home_matches_played;home_PPG;home_rest_days;season_x_y;date_x_y;team_x_y;away_total_goals;away_total_xg;away_total_goals_against;away_total_xg_against;away_last_5;away_matches_played;away_PPG;away_rest_days;xG_for_difference;xG_against_difference;last_5_difference;PPG_difference;home_elo;away_elo;elo_difference
71945292;2026-10-10T13:00:00Z;Genoa CFC;ACF Fiorentina;0.3098445595854922;0.2860103626943005;0.40414507772020725;2627;2026-09-20;Genoa CFC;3;4.871308999999999;10;7.884354;1.0;4;0.25;8.0;2627;2026-09-20;ACF Fiorentina;6;7.654495999999999;12;9.661741000000001;4.0;4;1.0;9.0;-2.783187;-1.777387000000001;-3.0;-0.75;1462.4938074162635;1480.6076152508579;-18.113807834594354
71945294;2026-10-10T16:00:00Z;Inter Milano;Parma Calcio;0.8261142823820601;0.11099088358591912;0.06289483403202083;2627;2026-09-19;Inter Milano;15;15.56796;8;7.469626;13.0;4;3.25;5.0;2627;2026-09-20;Parma Calcio;4;4.263857000000001;7;9.818980000000002;4.0;4;1.0;6.0;11.304102999999998;-2.3493540000000017;9.0;2.25;1538.5794860817741;1481.7049003191987;56.87458576257541
71945290;2026-10-11T10:30:00Z;Como 1907;AS Roma;0.37371663244353187;0.2669404517453799;0.3593429158110883;2627;2026-09-20;Como 1907;9;11.55016;6;7.884117;10.0;4;2.5;6.0;2627;2026-09-19;AS Roma;14;16.09782;3;5.556754;13.0;4;3.25;5.0;-4.547659999999999;2.327363;-3.0;-0.75;1517.746440147351;1538.8300354154896;-21.08359526813865
71945298;2026-10-11T13:00:00Z;US Lecce;Bologna FC;0.232155426246605;0.28140051666255156;0.4864440570908434;2627;2026-09-20;US Lecce;5;6.264635;10;14.813300000000002;6.0;4;1.5;7.0;2627;2026-09-19;Bologna FC;3;7.172638999999999;6;6.029513000000001;2.0;4;0.5;6.0;-0.9080039999999991;8.783787;4.0;1.0;1490.295319517833;1471.6776814039697;18.617638113863222
71945302;2026-10-11T16:00:00Z;Sassuolo Calcio;AC Milan;0.22379032258064516;0.2540322580645161;0.5221774193548387;2627;2026-09-18;Sassuolo Calcio;9;9.314392;9;8.227615;7.0;4;1.75;5.0;2627;2026-09-20;AC Milan;10;9.6873998;4;5.92465;11.0;4;2.75;8.0;-0.3730077999999999;2.3029650000000004;-4.0;-1.0;1498.8856781166544;1529.1301445985964;-30.244466481942027
71945288;2026-10-11T18:45:00Z;Cagliari Calcio;Juventus Turin;0.1438785750125439;0.2527596588058203;0.6033617661816356;2627;2026-09-19;Cagliari Calcio;5;5.447357;2;8.771612;12.0;4;3.0;7.0;2627;2026-09-20;Juventus Turin;8;9.23255;4;2.1065058000000003;10.0;4;2.5;7.0;-3.7851929999999996;6.6651061999999985;2.0;0.5;1529.1469624302244;1518.5801689308482;10.566793499376217
71945304;2026-10-12T18:45:00Z;Torino FC;Udinese Calcio;0.40234702430846614;0.28918692372171;0.308466051969824;2627;2026-09-19;Torino FC;5;5.069237;8;7.677839;4.0;4;1.0;5.0;2627;2026-09-19;Udinese Calcio;8;7.084153;11;10.584861;4.0;4;1.0;5.0;-2.0149159999999995;-2.9070220000000004;0.0;0.0;1480.865249081633;1481.6736025594523;-0.8083534778193098
72221292;2026-10-10T11:30:00Z;Arsenal FC;Leeds United;0.6708407871198568;0.2057245080500894;0.12343470483005364;2627;2026-09-19;Arsenal FC;8;9.41304;4;5.453779;12.0;4;3.0;7.0;2627;2026-09-20;Leeds United;7;7.225967;3;6.412596000000001;9.0;4;2.25;6.0;2.1870730000000007;-0.9588170000000007;3.0;0.75;1527.7676924126017;1518.5737580665168;9.193934346084916
72221296;2026-10-10T14:00:00Z;Chelsea FC;AFC Bournemouth;0.5652573529411765;0.22748161764705885;0.2072610294117647;2627;2026-09-18;Chelsea FC;10;8.942098999999999;12;10.29733;7.0;4;1.75;6.0;2627;2026-09-20;AFC Bournemouth;6;8.098677;8;6.994994;3.0;4;0.75;8.0;0.8434219999999986;3.3023360000000004;4.0;1.0;1500.1930161724943;1482.1459717237547;18.047044448739598
72221310;2026-10-10T14:00:00Z;Sunderland AFC;Brighton & Hove Albion;0.32583983279808326;0.2755263292042616;0.3986338379976551;2627;2026-09-20;Sunderland AFC;6;10.07155;10;8.85202;4.0;4;1.0;8.0;2627;2026-09-19;Brighton & Hove Albion;16;12.89312;5;8.626128999999999;10.0;4;2.5;6.0;-2.8215699999999995;0.22589100000000073;-6.0;-1.5;1482.4524300014123;1520.3031439954514;-37.8507139940391
72221308;2026-10-10T16:30:00Z;Manchester United;Tottenham Hotspur;0.5469755428097932;0.23842523660939707;0.21459922058080969;2627;2026-09-20;Manchester United;8;10.585021;8;7.215960000000001;5.0;4;1.25;7.0;2627;2026-09-19;Tottenham Hotspur;2;5.81974;8;9.192522;2.0;4;0.5;7.0;4.765280999999999;-1.9765619999999995;3.0;0.75;1491.0306688336025;1471.1241896749655;19.906479158637012
72221300;2026-10-11T13:00:00Z;Crystal Palace;Nottingham Forest;0.35121951219512193;0.3073170731707317;0.3414634146341463;2627;2026-09-20;Crystal Palace;6;7.584322;11;10.01996;4.0;4;1.0;8.0;2627;2026-09-19;Nottingham Forest;4;8.480773;5;5.011526999999999;5.0;4;1.25;7.0;-0.896450999999999;5.008433;-1.0;-0.25;1481.6487358416332;1488.692744048933;-7.044008207299839
72221306;2026-10-11T15:30:00Z;Liverpool FC;Manchester City;0.37113402061855666;0.25773195876288657;0.37113402061855666;2627;2026-09-20;Liverpool FC;7;8.244159;4;6.939151;9.0;4;2.25;8.0;2627;2026-09-20;Manchester City;13;11.04073;5;7.177241;15.0;4;3.75;7.0;-2.796571;-0.23809000000000058;-6.0;-1.5;1518.0803984734234;1546.1945542427422;-28.114155769318813
72478620;2026-10-10T12:00:00Z;Rayo Vallecano;Athletic Bilbao;0.34528497409326425;0.27419689119170987;0.3805181347150259;2627;2026-09-19;Rayo Vallecano;11;9.116209;16;13.034886999999998;7.0;6;1.3333333333333333;4.0;2627;2026-09-19;Athletic Bilbao;7;11.283952;6;7.698466400000001;8.0;5;1.6;7.0;-2.1677429999999998;5.336420599999997;-1.0;-0.26666666666666683;1493.0865915467377;1501.1944037014325;-8.107812154694784
72478606;2026-10-10T14:15:00Z;Deportivo Alaves;Atletico Madrid;0.22641509433962262;0.2578616352201258;0.5157232704402516;2627;2026-09-19;Deportivo Alaves;11;10.6511224;6;7.606173999999999;7.0;6;1.8333333333333333;4.0;2627;2026-09-20;Atletico Madrid;16;13.695266000000002;7;8.470274;12.0;6;2.6666666666666665;4.0;-3.0441436000000017;-0.8641000000000005;-5.0;-0.8333333333333333;1506.2980305345868;1538.5626144769435;-32.264583942356694
72478612;2026-10-10T16:30:00Z;FC Barcelona;Getafe CF;0.8933609178107956;0.056281737822080125;0.050357344367124315;2627;2026-09-19;FC Barcelona;31;29.40168;7;7.800203;15.0;6;3.5;3.0;2627;2026-09-20;Getafe CF;4;6.3009319999999995;7;10.794462;5.0;6;1.3333333333333333;3.0;23.100748;-2.9942589999999996;10.0;2.166666666666667;1564.089330878198;1491.8385424601688;72.25078841802929
72478622;2026-10-10T19:00:00Z;Real Madrid;Villarreal CF;0.6923609508423725;0.17579374237578713;0.13184530678184034;2627;2026-09-20;Real Madrid;18;19.660624000000002;8;7.778475;9.0;6;2.5;5.0;2627;2026-09-20;Villarreal CF;13;19.610108999999998;12;11.438416;6.0;6;1.3333333333333333;3.0;0.050515000000004306;-3.659941;3.0;1.1666666666666667;1525.7030120330935;1492.72890800891;32.97410402418359
72478610;2026-10-11T12:00:00Z;Elche CF;RC Celta de Vigo;0.34039003024298675;0.2925226822400667;0.3670872875169465;2627;2026-09-18;Elche CF;11;9.828814999999999;17;15.699188;4.0;6;0.8333333333333334;3.0;2627;2026-09-19;RC Celta de Vigo;8;7.610041;6;9.196947;6.0;6;1.1666666666666667;6.0;2.218773999999999;6.502241;-2.0;-0.33333333333333337;1473.5931774497758;1490.7216942238804;-17.128516774104583
72478608;2026-10-11T16:30:00Z;Real Betis Seville;CA Osasuna;0.5702337958563011;0.2455806880821136;0.18418551606158523;2627;2026-09-20;Real Betis Seville;9;13.153074;7;12.789031999999999;10.0;6;2.6666666666666665;3.0;2627;2026-09-19;CA Osasuna;6;8.886146;13;11.978041000000001;4.0;6;1.3333333333333333;3.0;4.266928;0.8109909999999978;6.0;1.3333333333333333;1536.4357556188388;1489.5586353322726;46.877120286566196
72478618;2026-10-11T19:00:00Z;Racing Santander;Valencia CF;0.4390934844192634;0.263456090651558;0.29745042492917845;2627;2026-09-19;Racing Santander;11;9.815594;21;15.992766999999999;6.0;6;1.1666666666666667;3.0;2627;2026-09-20;Valencia CF;4;5.6929517999999995;13;12.677204;3.0;6;0.6666666666666666;5.0;4.122642200000001;3.315562999999999;3.0;0.5000000000000001;1481.3273712231166;1465.0276722030499;16.299699020066782
72478614;2026-10-12T19:00:00Z;Levante UD;Sevilla FC;0.3561643835616438;0.28767123287671237;0.3561643835616438;2627;2026-09-20;Levante UD;8;9.312104;12;13.306206;5.0;5;1.0;7.0;2627;2026-09-19;Sevilla FC;10;7.404956;9;10.5060458;7.0;6;2.1666666666666665;3.0;1.9071479999999994;2.8001601999999988;-2.0;-1.1666666666666665;1481.3461297694666;1518.569737225963;-37.22360745649644
