id;date;home;away;H;D;A
71945292;2026-10-10T13:00:00Z;Genoa CFC;ACF Fiorentina;3.0;3.25;2.3
71945294;2026-10-10T16:00:00Z;Inter Milano;Parma Calcio;1.142;8.5;15.0
71945300;2026-10-10T18:45:00Z;SSC Napoli;Frosinone Calcio;1.42;4.5;6.25
71945290;2026-10-11T10:30:00Z;Como 1907;AS Roma;2.5;3.5;2.6
71945296;2026-10-11T13:00:00Z;Lazio Rome;AC Monza;1.55;3.9;6.0
71945298;2026-10-11T13:00:00Z;US Lecce;Bologna FC;4.0;3.3;1.909
71945302;2026-10-11T16:00:00Z;Sassuolo Calcio;AC Milan;4.2;3.7;1.8
71945288;2026-10-11T18:45:00Z;Cagliari Calcio;Juventus Turin;6.5;3.7;1.55
71945286;2026-10-12T16:30:00Z;Atalanta BC;Venezia FC;1.55;4.1;5.25
71945304;2026-10-12T18:45:00Z;Torino FC;Udinese Calcio;2.3;3.2;3.0
72221292;2026-10-10T11:30:00Z;Arsenal FC;Leeds United;1.38;4.5;7.5
72221294;2026-10-10T14:00:00Z;Aston Villa;Brentford FC;2.7;3.5;2.45
72221296;2026-10-10T14:00:00Z;Chelsea FC;AFC Bournemouth;1.65;4.1;4.5
72221304;2026-10-10T14:00:00Z;Ipswich Town;Fulham FC;2.7;3.4;2.45
72221310;2026-10-10T14:00:00Z;Sunderland AFC;Brighton & Hove Albion;2.875;3.4;2.35
72221308;2026-10-10T16:30:00Z;Manchester United;Tottenham Hotspur;1.7;3.9;4.333
72221300;2026-10-11T13:00:00Z;Crystal Palace;Nottingham Forest;2.625;3.0;2.7
72221302;2026-10-11T13:00:00Z;Hull City;Everton FC;3.4;3.4;2.05
72221306;2026-10-11T15:30:00Z;Liverpool FC;Manchester City;2.5;3.6;2.5
72221298;2026-10-12T19:00:00Z;Coventry City;Newcastle United;3.25;3.6;2.05
72478616;2026-10-09T19:00:00Z;Malaga CF;Espanyol Barcelona;2.625;3.1;2.7
72478620;2026-10-10T12:00:00Z;Rayo Vallecano;Athletic Bilbao;2.7;3.4;2.45
72478606;2026-10-10T14:15:00Z;Deportivo Alaves;Atletico Madrid;4.1;3.6;1.8
72478612;2026-10-10T16:30:00Z;FC Barcelona;Getafe CF;1.071;17.0;19.0
72478622;2026-10-10T19:00:00Z;Real Madrid;Villarreal CF;1.333;5.25;7.0
72478610;2026-10-11T12:00:00Z;Elche CF;RC Celta de Vigo;2.75;3.2;2.55
72478624;2026-10-11T14:15:00Z;Real Sociedad San Sebastian;RC Deportivo de A Coruna;1.65;3.8;4.75
72478608;2026-10-11T16:30:00Z;Real Betis Seville;CA Osasuna;1.615;3.75;5.0
72478618;2026-10-11T19:00:00Z;Racing Santander;Valencia CF;2.1;3.5;3.1
72478614;2026-10-12T19:00:00Z;Levante UD;Sevilla FC;2.625;3.25;2.625
72513220;2026-10-09T18:30:00Z;Borussia Dortmund;Werder Bremen;1.363;5.25;7.5
72513224;2026-10-10T13:30:00Z;TSG Hoffenheim;Hamburger SV;1.42;4.75;6.5
72513228;2026-10-10T13:30:00Z;FC Augsburg;Bayern Munich;11.0;7.0;1.181
72513230;2026-10-10T13:30:00Z;FSV Mainz;Bayer Leverkusen;2.875;3.8;2.15
72513232;2026-10-10T13:30:00Z;Union Berlin;SV 07 Elversberg;2.2;3.6;2.9
72513236;2026-10-10T13:30:00Z;SC Paderborn 07;VfB Stuttgart;4.75;4.5;1.571
72513222;2026-10-10T16:30:00Z;RB Leipzig;Eintracht Frankfurt;1.5;4.5;5.25
72513234;2026-10-11T13:30:00Z;1. FC Cologne;Borussia Monchengladbach;2.0;3.8;3.25
72513226;2026-10-11T15:30:00Z;SC Freiburg;Schalke 04;1.6;3.9;5.0
72513242;2026-10-16T18:30:00Z;Eintracht Frankfurt;1. FC Cologne;1.9;4.0;3.4
